Form,LEFT_HIP_x,LEFT_HIP_y,RIGHT_HIP_x,RIGHT_HIP_y,LEFT_KNEE_x,LEFT_KNEE_y,RIGHT_KNEE_x,RIGHT_KNEE_y,LEFT_ANKLE_x,LEFT_ANKLE_y,RIGHT_ANKLE_x,RIGHT_ANKLE_y
proper,2.2103403752314885,1.6434191085147067,1.6391164110175613,1.6354591124486157,2.307978922635136,2.290480124086892,1.536461638581496,2.3048595894217003,2.377472836107182,2.765439050072525,1.4607935416116795,2.8001279038158944
proper,2.1999832273413906,1.640730747262174,1.631788819523188,1.6338550392025586,2.300124282546713,2.2818467965563234,1.5323910994464196,2.2894606185785262,2.3717929576943493,2.757824857573619,1.4542951689942327,2.7910457745740733
proper,2.1960191183913684,1.6432622645823352,1.6297741827136887,1.6353411623432368,2.301900674424522,2.278826735885435,1.5344667931318705,2.283694824737372,2.374283539586457,2.758754636096215,1.4502248907848698,2.788899784877685
proper,2.192446651214272,1.6444147525651165,1.6270790035842582,1.63542041074482,2.307503219445543,2.2761542096518688,1.5326804462205983,2.2791404438242893,2.3695054240688704,2.761618087314271,1.443989155530939,2.787186515296272
proper,2.1926666312867753,1.648003221698764,1.6265139409011686,1.6379727117204976,2.313111464268934,2.278998999506109,1.5331309696559128,2.278514505924423,2.3684936948802293,2.764162548507194,1.4400080009186627,2.7896500322910978
proper,2.2001642960994294,1.653627117523074,1.6351720344945926,1.645299529968449,2.322731200620893,2.285461347249127,1.5430335676375586,2.2826257254791202,2.378710000660883,2.782318101928189,1.4467833699877335,2.8007429657895675
proper,2.205342177273187,1.660157053561323,1.6378722622769153,1.651641688110886,2.327358915113008,2.2888488591186658,1.5474967343030723,2.287548915793764,2.386383142115825,2.7868491001601075,1.4470831958421702,2.8084739463720734
proper,2.205734016797267,1.6608779221792374,1.6380434155722217,1.652782055777882,2.328489728342169,2.2897417262321587,1.551007862987812,2.286262059268717,2.3884182330949497,2.793260533812054,1.4476060840374223,2.8099799424064837
proper,2.2108557972406055,1.6654281858534123,1.6415884183746074,1.6568203048571726,2.3321682635038856,2.2957079100892406,1.5538643630605729,2.2942637086565822,2.391808492640691,2.7952360936297738,1.4493677278318056,2.815793430325266
proper,2.231895272039054,1.6768868625034796,1.6569397228345761,1.6703927714925564,2.3488813812512093,2.318081683372384,1.5653435287688104,2.3164683495556244,2.40528413425915,2.814222701931576,1.4593862435048361,2.8391177259022182
proper,2.232032609305457,1.6850006586908488,1.6569807906583138,1.678992560385907,2.3500980315424784,2.329549755376453,1.5655132993051166,2.321880542216935,2.4059308988710204,2.841094356066914,1.4586125097123237,2.846535506167882
proper,2.232301984431585,1.6964423330190432,1.6570588328332332,1.689388518981828,2.350464241155514,2.3335036311604958,1.565533994921383,2.326369121883328,2.4053744414360243,2.840768975657723,1.458411006815525,2.848989161204239
proper,2.234430063941838,1.6987871896143956,1.6608539603414694,1.692264699317148,2.3524349469916994,2.333848444951134,1.5662176741423235,2.3297459211895313,2.4043068549612396,2.837367583987064,1.4580741575772014,2.8487141503175377
proper,2.226221583130784,1.7010449319038872,1.6537500946332921,1.691037655385147,2.3422029442650287,2.3351589356609885,1.5581873168942626,2.3231557014683326,2.393675071509213,2.826554809727357,1.4505531525266369,2.8357013209801667
proper,2.2171331737367024,1.6979456137367135,1.6439511069695718,1.6879997724253115,2.32978050935981,2.329771682493545,1.54887183800751,2.3213895544904553,2.3825771651088243,2.825201052951848,1.4439014995708694,2.829557677278336
proper,2.214672540824303,1.6957700883594593,1.6418388884305652,1.6862391596237205,2.3274029908650506,2.327353704456919,1.546582278747924,2.318041060248937,2.379202553642262,2.8228012526778032,1.4419378517806778,2.825847062266547
proper,2.2145928694429333,1.6977260205017497,1.641735969247526,1.6892441571753336,2.325722782910992,2.3284048272300475,1.5461652846204352,2.31964926051147,2.378731402010005,2.8251480840231973,1.4429278500349032,2.8273295645527026
proper,2.2141243701657434,1.700333692431721,1.6394734665361412,1.6924219230784303,2.3233799806191864,2.3318440972776258,1.5441034234634037,2.3225422878427433,2.378075725243835,2.82779083184304,1.4447788545019797,2.829628366092313
proper,2.2152158636444477,1.7036728531376142,1.6368341128601758,1.6958020302975572,2.3268451465487656,2.3386052593822537,1.5434503074739785,2.331412132190575,2.382450227669005,2.835286618759253,1.4484281419400187,2.8388422233513984
proper,2.210498547111049,1.7049141215987338,1.6262068897054827,1.6966237148667787,2.323991489552638,2.3398265318067915,1.5346911621094206,2.3316652619641705,2.3810257385865703,2.8447054704641075,1.4467131952004213,2.8394925614814834
proper,2.2186454095675763,1.712662179924084,1.6295295932779825,1.705163195427849,2.3322230591652535,2.3507811901171642,1.5343572877687246,2.3427354794937347,2.3912687967819624,2.858676649975292,1.453517188195276,2.8529234264245154
proper,2.2197094801154895,1.7144922501411681,1.629850248511304,1.7080621775985498,2.3341578776898735,2.3561959817626867,1.5342754800316254,2.3489936796268394,2.3918493404372607,2.8671341707025153,1.453969194894164,2.8619451895871477
proper,2.2219975613681187,1.7191508601822205,1.6312424494338795,1.713991519753667,2.3356981009840165,2.3629008565902057,1.5315935265655345,2.3612373277324417,2.3886778936495685,2.872136423244959,1.4564716503096842,2.87137222895731
proper,2.2184574003745667,1.718837218463921,1.6284788538608834,1.7131024684674392,2.331852008661914,2.36183392064089,1.5273008422762797,2.362840867139296,2.382256925619793,2.8706737421714728,1.4545835815509545,2.8702525432616763
proper,2.224326596414495,1.7319063663261163,1.6354049252943093,1.7208131374170719,2.3416713462529772,2.3794722986100716,1.5312573460243557,2.3771180871518776,2.389638691588728,2.887004762389702,1.4572789246261415,2.884301251863526
proper,2.2323306565047045,1.7405085515518484,1.6415819679914738,1.7287199305917729,2.3504230353809774,2.38975276173436,1.5348033296713879,2.3855088996529448,2.397393924905539,2.9021541309132575,1.4575025209724493,2.894755533381319
proper,2.2423828344867136,1.7504558643261676,1.6501125917505517,1.7402600805731818,2.3627794784957774,2.4044673256305193,1.536527455150805,2.3994581798305723,2.4098277507471515,2.9198089031647476,1.4628971568485776,2.9097334157894927
proper,2.2449531759230954,1.7587514443662131,1.6529929204098432,1.7460149813189372,2.3678669878658734,2.413019913572601,1.53682372835842,2.40187153818708,2.4122590225206477,2.923691409864559,1.4632523796604107,2.9130514543684143
proper,2.262117857358587,1.7836590065781834,1.6735006203901426,1.7719465049474485,2.3942377534546746,2.4436769904975555,1.5437415139075015,2.4270061766555386,2.4303024528032533,2.9544802006079207,1.4743662529695354,2.9376022016083767
proper,2.275791968274211,1.8401150818518832,1.690999687150307,1.8202346740787907,2.4335950107056705,2.4804949616334775,1.5381494169526087,2.4438812213346774,2.4433313702125328,2.971809027306133,1.4828227625988248,2.955293755396387
proper,2.288785491530559,1.8933500604736835,1.709181482957106,1.8651440653056506,2.473540626637513,2.526086223873323,1.5290780836046187,2.4625540925156644,2.4553652502427945,2.988722338671375,1.4898774093210292,2.972308641785365
proper,2.3045701167150607,1.9123143152032427,1.7320569734024014,1.8897470446814044,2.5017204791529872,2.531817848518894,1.5261490121244201,2.4763968527612215,2.4688464577946125,3.0045235629856,1.4970354705932387,2.9900917142607923
proper,2.3183222599428626,1.935854580735607,1.7535152454156144,1.9171046229695414,2.5214059578937316,2.537923598949417,1.523721739094066,2.498274725293398,2.482930544167738,3.0182076303623924,1.5030811274935878,3.0117578938933387
proper,2.3249480236093683,1.9442380048901524,1.7633032481404078,1.9289347840938926,2.5556224597110484,2.543005089837103,1.5126282495831471,2.5172709125317025,2.4882120104714494,3.024804137780473,1.5059687635292247,3.024904503222652
proper,2.329141456649773,1.99254436363786,1.772482835227139,1.9797925327345747,2.580008042435821,2.5645856484735656,1.4981286736649226,2.5489775261609107,2.492283468520065,3.0337445565283825,1.5089962952402154,3.0290395978786937
proper,2.363022775367936,2.0763751415315665,1.813598867743566,2.064818753979646,2.6550349395903456,2.6426260077951906,1.4922739483185148,2.6057086112875325,2.5266758686299475,3.0754192684560704,1.5310782900198165,3.0728063512873858
proper,2.392887573479884,2.1668810946874033,1.8406899988351648,2.150689991451117,2.7253818723838767,2.7194626738069587,1.468633408508467,2.6877209253576977,2.5663216892422023,3.1270797988435546,1.5615387753025098,3.1309431910639884
proper,2.453563734843767,2.2851479719251335,1.892931556453759,2.2656668851241037,2.8268317159935608,2.836163787433504,1.4592870070257642,2.7897954120426394,2.653963860847884,3.2223518375534455,1.6021138926884904,3.2252524927598736
proper,2.4743323435136326,2.3898443939249163,1.9173712112667303,2.36639540899362,2.875452150983455,2.9089994127076197,1.4329435444180847,2.8495583120620442,2.681695628773195,3.2653477520225285,1.6159846644445246,3.2575783798261724
proper,2.4795751510497266,2.467438502556758,1.9220963834198188,2.4380838296151746,2.900086720331691,2.9509106716866866,1.402884124769836,2.8758837467556595,2.696172017945543,3.2726965816942166,1.6264124338507495,3.268788791340121
proper,2.47885695311174,2.5194054875809164,1.9275919353029936,2.498496197461211,2.926129901316809,2.985922406870139,1.3765543788260053,2.930226509342466,2.7097697577735316,3.295883720451454,1.6379045049472654,3.2888850284001223
proper,2.4870795450564254,2.610705755162948,1.9349410524171702,2.5887204452138644,2.9488319722112393,3.0308096520233736,1.3627122692669384,2.984960591697442,2.7215584161373263,3.3311346973326628,1.6465235921183594,3.304519345316624
proper,2.488226987470794,2.6567990623493642,1.9346816057679816,2.6339393128132977,2.9688520515057375,3.049146079636487,1.3436556922239178,3.0164391166717777,2.726939115885282,3.329122341887102,1.6470494282096473,3.319552833453836
proper,2.4907507185494806,2.724444040454065,1.9368409759702467,2.698875456780461,2.9999587006707666,3.0767269326182842,1.2994675144827783,3.033114988653539,2.7325058798613733,3.343974312026694,1.6468725232702022,3.3179927885658818
proper,2.5103458192948938,2.8124114302642216,1.956555971663251,2.7995601993752666,3.064789191827442,3.116041716953068,1.2828514969882971,3.058749496897519,2.753888100440954,3.372828406570742,1.6667842228343563,3.343279957878481
proper,2.579749757579652,2.9724299186326086,2.020342214751286,2.9684504532103766,3.1932986721399272,3.209242470007444,1.3036659738343643,3.1656667487599455,2.844955472545253,3.4809234059721836,1.7282908169535816,3.4526952178679142
proper,2.5706659238254836,3.0500992923142443,2.0224962625196667,3.0634656040380372,3.2145594468581313,3.2194788509548578,1.2855212951817665,3.1888942236142506,2.85130496625553,3.4804156652639793,1.7244868200076915,3.456915739576186
proper,2.5779563944470585,3.113125234784358,2.0463274531732614,3.1134197565342756,3.2521360105150103,3.244309303082381,1.272546863697937,3.1856680627752003,2.8735931387377485,3.4967173960335414,1.7327137402482506,3.479741989284423
proper,2.4847116201975923,3.0323193547656495,1.9789079717987201,3.026288747839141,3.162062605230721,3.1442611970349232,1.2405317697026064,3.0712045087314763,2.78622949800422,3.3829418962599638,1.682664537205512,3.3700356804974048
proper,2.423377583003484,2.9554448029349256,1.9348143764078252,2.94453614808697,3.090830938986938,3.0749526474774487,1.22061294577057,2.998186015920063,2.727370801357924,3.3079015073912705,1.6455534703552097,3.298419101166957
proper,2.4343122118096,2.9221462677333916,1.946234239870471,2.901721117811833,3.0693558486056647,3.0582549484784947,1.2267562959760099,2.9823192221718693,2.7167806280056097,3.2951223352581485,1.642996128141202,3.2845958465879574
proper,2.6445990454994157,3.104614216476096,2.102603998020901,3.0922909652422184,3.289953825424648,3.279511222263908,1.3216976718327835,3.196117322608703,2.9212806865557917,3.537742541201135,1.7704300427086417,3.529508992106629
proper,2.607787389711866,3.0359684748554656,2.0724737517346488,3.0157060568697243,3.225248602592158,3.219031429681695,1.3297858395006545,3.1219072500946194,2.8795981687923047,3.4674221502200693,1.7466137739833383,3.467167389684159
proper,2.6002084137363686,2.917848924118213,2.056584082024718,2.895432350920206,3.178645093652016,3.170312426756054,1.3637667136281746,3.0770001620914678,2.853267182489737,3.433052673487965,1.7306287706707888,3.434029079312855
proper,2.5951408885674465,2.7935289280620927,2.04122328969619,2.770887110732041,3.116062344857683,3.1209983850975185,1.3808963208834508,3.0268513807775643,2.8354563485011126,3.3949516283486147,1.7241819668807994,3.39032391068169
proper,2.5691939497765173,2.6902452039016413,2.0212963709438543,2.673894340202054,3.0521880410973075,3.0732406475060157,1.3798794764777502,2.9792657426841953,2.8162901619075904,3.3658005342527457,1.7083468242889652,3.3491180026621024
proper,2.550123433484043,2.6176027083493794,1.9982131047505243,2.6092385739231734,3.0015416057070134,3.031620275289074,1.3830962839807952,2.9434485622370503,2.796312729629389,3.3416705302515686,1.6965991443633448,3.3247072254849153
proper,2.529933106999573,2.523033948943649,1.9761546991245025,2.5298407292666187,2.9728600265871137,2.982693009319837,1.4013032926409081,2.9095710437533344,2.775940127737592,3.3001307921974976,1.684288403377458,3.2957967155685446
proper,2.528248062783808,2.473240965635611,1.9673449552017372,2.4822453435845246,2.979472368026069,2.9590242116989764,1.4117866128758942,2.8944886546666533,2.7802738681323342,3.294996063536662,1.6844290386029888,3.2973701777453703
proper,2.540427393248003,2.436481996263196,1.9735993193360335,2.4479555789043665,2.994433959890621,2.9496053380633556,1.4223696963823111,2.893626597264255,2.7925147831302137,3.307355899428534,1.6983633380263183,3.3031760499953036
proper,2.5206508495166116,2.3746593995383427,1.9553110130520623,2.384010307202174,2.9667052063349595,2.8997081432102534,1.4394131113493485,2.8514640572511505,2.7720031049799485,3.2775978779455155,1.6909723049930132,3.275822740344526
proper,2.46958638365471,2.2761565624036946,1.9160999433637564,2.279351249120488,2.9025134583743712,2.8085762333023125,1.4279241954189563,2.7679755967654733,2.7133009221583753,3.202658007527734,1.6516328791845236,3.1969011024457124
proper,2.445770808736923,2.2008935282157296,1.8855656297356933,2.1978734680117276,2.841736536014279,2.7487554438605515,1.4324118451989571,2.7024700675704207,2.6649646399884666,3.142165397589903,1.6240429891045083,3.130113228785166
proper,2.4267470599134495,2.1158173456266565,1.866620329135503,2.116613616156278,2.796190171376048,2.6854490155598323,1.4433937779027737,2.656515531728525,2.6258298204983492,3.0795772338301974,1.6014387100478342,3.0765035719546985
proper,2.417283670352154,2.0367691163431036,1.8564489363087562,2.045288734191043,2.7587912724649164,2.6271357354979017,1.4652130467546007,2.613229887219192,2.6059596294296727,3.039903230413651,1.5888919642926718,3.0446638296465345
proper,2.3981993397401355,1.9637144781395335,1.8412732260343023,1.9674849862276353,2.692199765230404,2.573028538271183,1.5094431852477146,2.5617906558268477,2.572197605251581,2.9842343762780232,1.567059935419518,2.99998035765061
proper,2.403208737881585,1.9083729488393517,1.8505223765080199,1.9134970935396107,2.658476954821817,2.518577567706826,1.5605838956366775,2.5188369468248144,2.5727094736869986,2.982633545067776,1.5700919226629366,3.001025775925133
proper,2.4090347045669103,1.8844293769754086,1.8531568308083473,1.885098042065014,2.6276184507910703,2.5052938789982555,1.605831034347815,2.5234878986055223,2.57095854890029,2.9746365275794657,1.574881041436949,3.0047919752418766
proper,2.425699517395395,1.853123271934353,1.862157384245667,1.8579981792839242,2.6101589708059016,2.4908388923322886,1.6423796453932948,2.513197336226695,2.5767833397028928,2.972271008586213,1.578967074313162,3.0236380182501787
proper,2.423940124740074,1.8217041432124443,1.863744891500091,1.8263335317745504,2.579802254758738,2.468353924881114,1.6738307375550567,2.4678446862859653,2.5667128327355693,2.958827253398252,1.590965326158248,3.012206462406161
proper,2.4267358057180024,1.7954717014644834,1.8609276062012643,1.805992160000566,2.55097084091499,2.4545243505376138,1.7019395262179864,2.441026764336442,2.5555229433479068,2.9484699998986974,1.5929125825601045,2.993050584244415
proper,2.4093407854490887,1.7690747251929495,1.849231681374861,1.7795051524663528,2.5220874116147964,2.414523016629993,1.7181375677668043,2.4084140419800706,2.535766062039332,2.9235902974113426,1.5819255705360882,2.9529937812974674
proper,2.4111830345272147,1.7728686550652757,1.8517736205272002,1.781217546780643,2.506160022991472,2.4078163580966856,1.7187641884983682,2.4136761600077574,2.530658653303191,2.927490619070874,1.578293252308431,2.9561964995229153
proper,2.4165127768133337,1.7540025253066844,1.8568093015782718,1.76215248811583,2.507613085351521,2.415952311650695,1.7343177458836119,2.4035391403177435,2.5379613729132977,2.953442330035783,1.5889524656411953,2.959413386339806
proper,2.4161557910624216,1.7537961252067849,1.8555827648543917,1.7601462919049111,2.50472642038162,2.4087084836039834,1.7263531792480975,2.4004061773287555,2.5365675088769395,2.9508504452804996,1.5896931368619893,2.9467347247342404
proper,2.4068896897557304,1.7586244063522012,1.8478159996383212,1.7608025250654185,2.4927097281622506,2.4010356221185494,1.7214011989951297,2.394555983337325,2.5272451177152027,2.9456317429295695,1.5827745415132248,2.9355938665164616
proper,2.413062843276853,1.7662913268034552,1.852023711050039,1.7683570356461633,2.4990348667840663,2.398278873443856,1.7251938842085466,2.4025956029494515,2.531297079174756,2.9492097638321746,1.5858697819681125,2.9398808675430184
proper,2.4199004895726337,1.7637459262995294,1.8590374347233858,1.7707481747711804,2.5048274622786613,2.3959004209661834,1.72944172096452,2.408453958984052,2.53381574970121,2.9544926351902356,1.5911757553490382,2.9443866394207503
proper,2.4325174650581958,1.7725602793162405,1.8703610550323984,1.7763645348654917,2.513000866935195,2.4097618046637597,1.7373088223074367,2.414773218694277,2.543934664528925,2.971103339333348,1.6047221004333245,2.9552178972317185
proper,2.443782015959001,1.7765693033269345,1.8840282074605585,1.7769907253547896,2.5218775977079444,2.417463096428632,1.7448422117926219,2.415689225293762,2.5522499195293618,2.980726589260378,1.610752382668028,2.9648555015241107
proper,2.4476297665970894,1.7834732868256362,1.8863943963062106,1.7854248253249743,2.5273762401796764,2.424194801599619,1.7443335040284664,2.421925522136894,2.5565324020116758,2.988238007177778,1.617643418018317,2.9697309325715016
proper,2.449597167442107,1.7852599076190714,1.8864049387545454,1.7887184410275705,2.5302979864440007,2.4257863206384727,1.7434027077901746,2.426440313939155,2.559182341574912,2.9955426784563963,1.620784431305568,2.9727645873488586
proper,2.4498319890950357,1.7859863460392726,1.885186792234354,1.7895304700808103,2.532137450756014,2.4263681098268655,1.7471423695095487,2.4286447463762695,2.5606107682872556,2.9973621482773227,1.6239774260522506,2.9777898698824488
proper,2.455604747148267,1.7893150936018773,1.8893048089786895,1.789926237758755,2.538486158310557,2.432834962081996,1.7566250626288211,2.434401077299278,2.567689518564174,3.004441124404496,1.6349313322822174,2.987594072653983
proper,2.456908131567408,1.790621411073879,1.8903217058282056,1.7917472460998063,2.5405035120745114,2.4350258292245552,1.7573321953963914,2.4362610150765733,2.56977172165494,3.00562100723292,1.6384645797486965,2.9898894262756257
proper,2.461410984424686,1.7924634151499061,1.8930505035482688,1.7943670152378643,2.543193597187351,2.4375753320714897,1.7594534289903734,2.4404706825734617,2.574146956987741,3.0116460291420446,1.6404858995856264,2.9956072405266276
proper,2.4730848501131657,1.8013579583707378,1.9016796525816027,1.8013920719459044,2.5582360850500216,2.4522026529599708,1.7651859630448408,2.4567023624761064,2.586565357722235,3.026254172985731,1.646123607045536,3.007514449027536
proper,2.474863825693787,1.801471882948279,1.9016140793670442,1.8009687176585483,2.5580597573161885,2.451324033257026,1.765329170994419,2.4565183301743967,2.5869600060510463,3.024669045857768,1.6479830338426067,3.007584393029925
proper,2.4748192957736665,1.7993640436282998,1.900732182234781,1.7994493616750868,2.5556572673467017,2.4484793091536607,1.7628879453537922,2.455625895174242,2.5840806996030627,3.019988975032202,1.6468939060271148,3.0064368645442023
proper,2.4729841097771605,1.8063227180677177,1.89896681590647,1.8012197174633116,2.554228481711386,2.458665026004291,1.7634015977052235,2.457797883057536,2.583202234512949,3.019596599613758,1.6463800957830836,3.0068497386108546
proper,2.478011720371178,1.8132766921777665,1.9028038878531222,1.8051360241101246,2.559637272747278,2.472684280092247,1.768592183417864,2.4667759158909326,2.5904681871370823,3.0261224631534427,1.653499414059456,3.015843226422762
proper,2.481324831332591,1.8241464390087472,1.9065823068742804,1.8132188615414029,2.5641168534550927,2.480661089308241,1.7704982991904852,2.4750008643745383,2.5951506056802014,3.0300137803349223,1.6555443510980576,3.021947285269818
proper,2.4725391082577444,1.8214053211182033,1.9005391315723785,1.8119734607992657,2.5579698216675717,2.4706062369940693,1.7631163542478736,2.467348722694396,2.5897687317897953,3.0180378123075946,1.6505083773217504,3.009888535446867
proper,2.459340511757569,1.8215937737275543,1.8904337161886065,1.8146941375791115,2.547315404850742,2.457191551445351,1.7503990625661736,2.461471808108752,2.578390728301366,3.002030154211851,1.6417333957465703,2.996875531477223
proper,2.4622939142993507,1.8415398507278555,1.8897884047401003,1.835260726591295,2.5565587750061143,2.4612989671275773,1.7422930578574363,2.4730041050749243,2.5754968956828392,3.000865596835115,1.6390112272502544,2.9960136624353866
proper,2.4644439521556487,1.8852383473247318,1.891786679376994,1.8774939967368436,2.5787886630118337,2.485374566684015,1.7330251710860127,2.4963212989735037,2.5729837078368822,3.0067931519272397,1.638862823278409,3.0065854010122695
proper,2.4698609959204636,1.8925131976115301,1.9009555533442795,1.88390805855874,2.610834829351973,2.4964412859864624,1.7251841185757033,2.492011585469736,2.5823537773566647,3.0068847919309696,1.639320439013006,3.0070160388813156
proper,2.486469201565579,1.9053694840648614,1.922646647373785,1.8930089965377934,2.6534359536400887,2.517266757636214,1.7207634184219964,2.4856841352365504,2.5929590720973716,3.0201706558608157,1.6569419727186463,3.016289327043725
proper,2.517523852606674,1.9543595949652601,1.95077749584235,1.9386442458010131,2.7136213297588516,2.5639096619734474,1.699354711656642,2.5139321153380725,2.619295148648365,3.0501590486951495,1.6726867852982046,3.045329162320342
proper,2.5689023249531595,2.040053666109888,1.9961422697353617,2.0218660576747816,2.7959691548842076,2.6411347473397435,1.6740259817286356,2.5614308968680763,2.6664265798780504,3.1040999741559294,1.6888948704735078,3.099406992366616
proper,2.601559037704468,2.0990125484847093,2.032079893066642,2.085539915747645,2.857161335919645,2.691188534492488,1.6623243810599568,2.597059524132834,2.7036221846790554,3.1403164053696577,1.695940224435486,3.134734809994675
proper,2.6287853234850265,2.1546838361418943,2.0547396459617913,2.147333617038276,2.8950603014849614,2.728531097139049,1.6263204443766588,2.666324458004973,2.7388318751878336,3.17302815375242,1.712927545414363,3.171017076262431
proper,2.6879291818520383,2.2745102647649906,2.103138280265201,2.2750625126318873,2.9778766010394757,2.8318904787841435,1.6146357031042742,2.7673283432923257,2.804734867590552,3.2647267716412913,1.74827417443728,3.2665829659234924
proper,2.793918990074154,2.4266690057551883,2.187066353231219,2.4253660298180573,3.12230515620829,2.9823602233551236,1.6335130952480712,2.9119075142471713,2.9173300210277433,3.4090083427781184,1.8122480830953875,3.410738259020315
proper,2.780951779147933,2.473991472574534,2.1771422489959873,2.4739297247106116,3.133844194245622,3.0107306286011015,1.5908408327140413,2.9293653645329343,2.9050346305891477,3.3979273548900397,1.8013490300049613,3.403222882833382
proper,2.728051093872262,2.5025663373434677,2.1335745627490583,2.499841101331358,3.0958224211507686,2.9988870243412693,1.5116934186920534,2.9055150835554726,2.8570701018319142,3.372035823971853,1.7731434035531828,3.350497347279348
proper,2.7203149940814804,2.590624190787902,2.125248598964626,2.581425584839178,3.111563066231767,3.041441056921012,1.4714166860649858,2.939824635323397,2.8639867166853854,3.391806066506268,1.7767837768941233,3.3703300341598923
proper,2.7043623600196667,2.664615304210353,2.1181193210111395,2.6658783154351173,3.1528395955696014,3.0777757940899595,1.4660258799948287,2.9720957982836214,2.877638654864764,3.4124781398233686,1.784265753790138,3.397009594980002
proper,2.7100189309665055,2.7670973697929857,2.127274282832524,2.762468325885911,3.1913665704653478,3.1236757252246417,1.455262531340574,2.9999209517299392,2.894696059971195,3.4282329369497484,1.7930383052150418,3.4281623375650203
proper,2.7089545636025063,2.84547662511364,2.125193172704416,2.836020420947207,3.2375282274665422,3.1462191949608176,1.4422646925479012,3.0484658014611807,2.9136324221676193,3.454247735257129,1.8038221957711589,3.4478395361532557
proper,2.690586912462202,2.94613675726199,2.1265921141692936,2.9352589965685603,3.281178031119123,3.191687794028157,1.4141798622934842,3.0782213026211918,2.9417335979972434,3.4983819262977245,1.8224212319681965,3.473333874484616
proper,2.753816279362682,3.1342935896907593,2.1812296770814155,3.1442428689597373,3.4095853360418213,3.306690154231524,1.4355631880813182,3.1632298797755163,3.034774791479039,3.6110858721056873,1.8818049418152183,3.5841866812395837
proper,2.9422380490669795,3.4643272163410836,2.3587948772907925,3.472610799730838,3.697929831314434,3.5932805611572003,1.5294191713839842,3.4405683531446156,3.2776649072430093,3.905279723786596,2.0337734472211615,3.8979943282998346
proper,3.284009893002242,3.9499294035979675,2.635034890895268,3.943709768399887,4.152928342954276,4.0439534413808,1.6773663896022208,3.8347669116321206,3.6595678221927677,4.374179742052809,2.2698470532179083,4.355266112951954
proper,3.1817425371793617,3.8194856737205813,2.5471090850224614,3.812785681480713,4.019758505811001,3.907357033509181,1.6163931012155128,3.727981217324559,3.5359585618500047,4.2334174278787025,2.1922839127328944,4.205078011204219
proper,3.1417797937947243,3.785013044591622,2.5169140139979604,3.7828042360296688,3.961609732285518,3.863148908296372,1.584187721192458,3.695536534644734,3.490918136527354,4.168517236641191,2.164584149862125,4.146429151021659
proper,3.1832207781638964,3.8242981163571557,2.529629720160721,3.84047060507999,4.04651010092727,3.9705015719948342,1.5911217773997515,3.8075925387386387,3.575591741204869,4.282337214153074,2.2176236617257215,4.247098507749743
proper,2.9294718957166905,3.467009215856081,2.311267766126779,3.4726026824835468,3.6819489130580707,3.640059191982965,1.454328964337354,3.497649408797927,3.2796215025987725,3.927089761555311,2.0355231408669074,3.88459047166508
proper,2.8218205519723867,3.309607424629685,2.226182548470514,3.299679320666774,3.5146598963851337,3.4907551032880337,1.406515894672638,3.3639014970836265,3.162513142564121,3.7741999401845097,1.9640953694433732,3.7296219096428267
proper,2.7921706011074874,3.1540115227518903,2.1929483664431717,3.156019672836084,3.4385793625149734,3.446477512078369,1.3723277933396798,3.323549225537032,3.1234959196396033,3.7306283877694675,1.9376928787078989,3.6813080105806297
proper,2.767507347719086,3.0443014590932727,2.1700445206188475,3.04290511929765,3.375886849962683,3.4209869123999233,1.3625758075785879,3.3049304645905155,3.106973465998535,3.705891619547812,1.8977007933815595,3.6612159294742592
proper,2.725281656942987,2.9184107092148732,2.133586552489398,2.923514921970714,3.3050441275283253,3.3691113055046427,1.3431865196250528,3.2597794335036125,3.0689535049454473,3.6543824775435985,1.8671207262717504,3.61320807672265
proper,2.705532771759567,2.834230974781769,2.1130417076759795,2.841474571736025,3.2564733976288136,3.331839751097812,1.3390884612749205,3.2379720979275777,3.052987277683743,3.6354330528582586,1.8472223443563336,3.593550995752834
proper,2.6530652255270852,2.7380989665520286,2.0566195921337003,2.76199307926546,3.1804141095231078,3.250828065719738,1.3129925623441634,3.1644051444707815,2.9985653361576006,3.5684136627203618,1.8155897722664798,3.528014886284361
proper,2.648667582336919,2.6883953370485085,2.0481275635789844,2.7035010632785585,3.176683391515147,3.22143833616338,1.3140347943595612,3.1458696212830417,2.9985645677561448,3.5593094061902866,1.815787398491496,3.517588614091205
proper,2.6071238346667904,2.595880794943994,2.007293062745858,2.6147305903025266,3.1333665013698195,3.151967684286272,1.3093910940082572,3.080412574601318,2.9559993193623906,3.510500846416118,1.7934015726291348,3.4660243422252495
proper,2.5313892766927686,2.4746350731804756,1.9462058243076583,2.489680867277071,3.040342645943708,3.050319203121997,1.2842917960093498,2.971101541583408,2.870564768636695,3.408579763287215,1.7404829572252067,3.365677186743091
proper,2.4693184770836916,2.3689284842752674,1.895928520011158,2.3825121047721867,2.9529381510017916,2.946759969698023,1.2936764369076923,2.8915792226256456,2.7992917098475654,3.3206581777223043,1.6983258706144875,3.285450922662195
proper,2.4666026265513694,2.312812450433748,1.8898262448148508,2.3226244447811943,2.913941477991833,2.900845919910139,1.3391194661865493,2.839049506767449,2.7833782882171474,3.2967840095830345,1.6890329457336288,3.2671609506606263
proper,2.4355836718134625,2.225989566355162,1.8620750887444053,2.2313749342508915,2.8383109880728203,2.8159560131450063,1.379058386992504,2.769846498071271,2.7379392238074707,3.235715979914742,1.6622760000135193,3.2161654698713047
proper,2.413002969990238,2.1657143198781963,1.8403000255681614,2.171664500930605,2.78487042795106,2.7627034871536518,1.408110141859586,2.738024493254987,2.710652795596927,3.205400176493831,1.6541475699597792,3.1970763130570368
proper,2.384147389474793,2.0946424572011306,1.8133811173966605,2.0982362044788476,2.737347641209101,2.710851795336381,1.4511677778708985,2.687256866128892,2.674392385417428,3.1611109937580455,1.6401951819869611,3.1581856298324222
proper,2.373799512811128,2.0418317657421117,1.8059200564675766,2.0421620132236664,2.705554029222763,2.6639369366062358,1.5286081493970771,2.6490911657818654,2.6621433878284573,3.1457970891026035,1.6376999796032412,3.1405440974865475
proper,2.3768722786822507,2.0070999449477736,1.8090120100207017,2.0078068571108827,2.6785500617414364,2.6433010120602125,1.6122025282255736,2.64300565672725,2.6660528392154417,3.1437463076415053,1.6443460869779996,3.1447717681044285
proper,2.367034894368592,1.9744089275570522,1.8013046083479198,1.9801786638308851,2.6390169223148385,2.598004752485472,1.6366174476152349,2.6177312291294816,2.6541675958821607,3.119605846862638,1.6427581123074877,3.1253428887482912
proper,2.373188816939729,1.9406799483262966,1.8023431306130693,1.9517284230958978,2.61481070233984,2.588229398785858,1.6759351358093624,2.593776460445947,2.6490156658855573,3.1133883962863242,1.6471779571273633,3.118076467226044
proper,2.3730599032217103,1.8896809807363604,1.8034506895091298,1.904541030073853,2.5719950763577093,2.542912729074299,1.6992871873335833,2.5421121673347655,2.6249993806528793,3.0585575226111774,1.6527023787653128,3.0912440258259672
proper,2.3700291689666475,1.8631493761067093,1.8104607541498912,1.877199736891217,2.544137180014402,2.5128343122042542,1.7149744070925221,2.5104378419415583,2.6060714419909723,3.0427593715580756,1.6472280983930647,3.068874545331608
proper,2.397654691489622,1.8731345078857913,1.838875877170031,1.8823860586171008,2.5571703042916543,2.517113470963123,1.7514109512177318,2.527080821836058,2.635794556486953,3.0703410750979034,1.6756478014937477,3.097179442498912
proper,2.4145555001955,1.876417248535388,1.855629402797336,1.8811942336988003,2.574947190010158,2.5349385209218163,1.7794296053510674,2.5348096123915598,2.647348630935596,3.084081373293244,1.688923417560981,3.103035372362667
proper,2.4125339010350566,1.8691943732014067,1.854093740343947,1.8743913503126075,2.573595958413377,2.52962875476439,1.7756958193073595,2.534871132043936,2.6434001761188983,3.0844717982612138,1.684755897522923,3.095694626508268
proper,2.4223712402540025,1.858930433086558,1.861721632542793,1.8647897223469931,2.579875855498543,2.5208155645159227,1.7747632382083645,2.529854189997763,2.6484290962607604,3.089560946384979,1.6891729530131219,3.0919761492936617
proper,2.443774297094014,1.880402263304507,1.8765730426821126,1.8835168147983798,2.5921874089955397,2.5370683767199855,1.7814528076944578,2.543647316104086,2.659936870790671,3.105388264056334,1.6943920487756787,3.1040006343582665
proper,2.4466916809236396,1.8736423214083775,1.8821799764025766,1.8781516503491116,2.591289268904989,2.5274189653028647,1.78703582684197,2.533249969897842,2.656343885624345,3.1011979609176183,1.6967013551424623,3.0998577986527724
proper,2.4657570964281987,1.879296030152689,1.8978582136213968,1.8809481395559582,2.5996154953699673,2.5330616686689256,1.7997473846796557,2.5340965244737848,2.6649608563600977,3.1071427063870507,1.7051577869270176,3.1064187061572173
proper,2.4620544527109627,1.8703488869359957,1.896515250865206,1.8709590729717274,2.586850447429185,2.519221067344228,1.798906719155491,2.5226329756480403,2.6509785497068172,3.090506868270284,1.695261895836467,3.087541340802554
proper,2.465818677196851,1.8698488909457815,1.901160060981066,1.8715471069178669,2.5834919163485144,2.5159963638897054,1.8023593956397643,2.5212931110385264,2.647403032159199,3.085657605892797,1.6923935339642626,3.082265833296928
proper,2.4612977066323807,1.8586889077384314,1.8975536269625102,1.861380748997961,2.5727518088419146,2.506044610381839,1.80105528068858,2.5107838001930296,2.6355074019585656,3.072600315580262,1.6843801845654454,3.0683724990763226
proper,2.4532036122513925,1.8519841514391382,1.889735246589071,1.8535387583345533,2.5630380320692026,2.4958513151779975,1.7956713731130574,2.4990330080430905,2.623049782258539,3.0588779970549624,1.6762551735126823,3.0537929206026986
proper,2.4549974017788765,1.8502994006245541,1.891174937969327,1.8515815286733652,2.561078374307048,2.492398622153419,1.7962119641086933,2.496072742308393,2.6184520777369107,3.054343811749683,1.6727908636321571,3.0499151868347902
proper,2.468763250255849,1.8580770385934222,1.905595815052199,1.859249803038059,2.5751539222331292,2.504021644210558,1.8110915788780466,2.5075993106975427,2.629036042413467,3.0702392160148158,1.679922279543608,3.0630861977836563
proper,2.4866342451830996,1.8667872009902846,1.9232157030804546,1.8679939493606423,2.5896924618931187,2.515360295132562,1.8202434834615435,2.5195609043963283,2.6394496815344493,3.083530757580346,1.6878357378915296,3.075642732504615
proper,2.5058351927032567,1.874233863058979,1.9410733524862285,1.8749297017470918,2.606850945746535,2.5265637872905864,1.8297034544159068,2.528763211673205,2.6568383727379072,3.094089027804982,1.6990128594225318,3.085007300194538
proper,2.518541226651225,1.8858177515760686,1.9522890160087614,1.884094801546409,2.625729421563024,2.5445705854921754,1.8371044666352982,2.5405962062375305,2.669006334337678,3.1116927704266786,1.7042912440149094,3.1017231768754563
proper,2.528267447059772,1.8905932285514215,1.962143737469786,1.88874782589103,2.6338623155701493,2.551358187384097,1.8421883343949754,2.5468168870326924,2.6759675772892244,3.122518359809466,1.70722377385313,3.111102831731973
proper,2.5354753747549763,1.8954665488917424,1.9674757982167803,1.893357357853628,2.647266385839709,2.5594034057861093,1.8448406647979039,2.5571188707998207,2.6853265031922113,3.1322036853029673,1.7107607176549324,3.1210346644107223
proper,2.5339422618283507,1.8983397598775216,1.9670171346450407,1.8935379570272475,2.651076589545938,2.5649278089082204,1.8431235587677033,2.5608624904416737,2.6852714994525164,3.130435053578124,1.7107129182392324,3.1206292295347207
proper,2.5331236410076183,1.900118224992557,1.9651984088577725,1.8917933776122537,2.6484156593605017,2.5656330180636817,1.8385530445516733,2.559541253791826,2.6770905512935705,3.1245305430961663,1.7070179658649376,3.113420332112154
proper,2.543891043358483,1.9022600971134187,1.9726801263617768,1.8941339040938112,2.654046130421732,2.5691434230500736,1.8400103565968586,2.5625427064951274,2.6756913632675694,3.128496709067324,1.7069540732160193,3.116362980135273
proper,2.548492524646001,1.9044895628028946,1.9757524745007897,1.8972563681461083,2.656283716547434,2.571193953732805,1.8409111114443752,2.5642699966806717,2.677297047203357,3.131084875461838,1.70781797635308,3.118489208917968
proper,2.5409760654147795,1.9003228644923202,1.9693209390446247,1.8921877362122734,2.647294205193544,2.5721465677473803,1.8324410472309804,2.5562421010173684,2.662731990735594,3.1236541592110014,1.7025997354158646,3.108636128643946
proper,2.5410487338736383,1.9087736194621898,1.9693079696349536,1.8996406297128652,2.646508452470677,2.5820794251506194,1.8210776744650776,2.5592933578878094,2.659608047455126,3.126385197428502,1.7029962778521648,3.1090661341921644
proper,2.5235180647130555,1.9070824029378428,1.955455468492439,1.895719664088657,2.6278533386735954,2.5715727698851643,1.7806541769583393,2.5466868231196926,2.6244261868255143,3.1013824783614004,1.6846626951306216,3.086806653558215
proper,2.522399087295277,1.9275579661233637,1.9546766265626065,1.915853660935077,2.6272512757759876,2.571330046460895,1.7631138702247398,2.5532667038166843,2.6084156369962828,3.097215023965665,1.677679629480195,3.0886689789767234
proper,2.5357515840469116,1.9767256504087585,1.9615692828573261,1.9638187404178467,2.647916131050173,2.6016742093391754,1.745827301552673,2.5922902624363555,2.6072445513349445,3.109945482793965,1.680725174164476,3.108796035987183
proper,2.5657070959490365,2.0333777974674745,1.9815296667003561,2.0182264019279983,2.699654726567433,2.6559529348733673,1.737886065692436,2.639490278466701,2.640127577911412,3.1607114738140805,1.6856471515713793,3.159077873220279
proper,2.5980267086097584,2.102909955973368,2.0098244104047196,2.079273570349568,2.752217537134414,2.713767441502982,1.7234938749699265,2.6753720518825586,2.6621465106281543,3.2138009573943,1.6829274313108342,3.2111174581109143
proper,2.6275941795879194,2.14780895437206,2.039052442899393,2.125711655479379,2.7965595778885772,2.7573553109287268,1.7032016059657016,2.696451507266355,2.6947641504275595,3.261150483987474,1.6854769886421648,3.2552041972126684
proper,2.5568896531433074,2.1396583515189858,1.9874054680199063,2.1208228764944446,2.751012538278202,2.7121928058034146,1.5993261392957212,2.632177351815959,2.630156310166395,3.177781132329035,1.612565676879978,3.178140636474365
proper,2.5358277113900796,2.1895423803673224,1.9772870538738367,2.1737082880436027,2.773461382998313,2.7327298039783128,1.53182476413558,2.6561280849079285,2.6031034439063467,3.179041133761967,1.5849405796411875,3.185908171571136
proper,2.56565201704705,2.303539491115451,2.003605466764199,2.2926657918086457,2.85010701352409,2.837857071541264,1.4949433600115567,2.762186678192446,2.647385430721628,3.270086618986776,1.6022108141820088,3.279510771443462
proper,2.5844196509507924,2.3984531469585204,2.0154023924974496,2.388303304302959,2.901304600381797,2.915564716106831,1.436544695054989,2.837520865505683,2.678980473482549,3.3205967792057485,1.6100878467309905,3.328940285442002
proper,2.465506349704502,2.3776299657186275,1.909851405040872,2.3720813931627167,2.8094163351196477,2.852611470959019,1.3298771797646431,2.7742986339590847,2.5762524854582454,3.2219910567184664,1.5297735792745424,3.2224087381037774
proper,2.4163576756946386,2.4139377521080005,1.8793583085753862,2.4111289122306525,2.799603175796794,2.8548143214735853,1.279878006381275,2.777636527054238,2.533918789911397,3.216509368789226,1.497060837196767,3.2096831757190163
proper,2.4537982796373368,2.531672586996958,1.9116137576140493,2.512326803515136,2.8767531797028116,2.9504326674963877,1.2934775745378606,2.8548413871381295,2.5757993104769854,3.304831663642746,1.5196495444886502,3.298089688115485
proper,2.497721590365592,2.6540196225501287,1.9526613867833336,2.634419873063738,2.952474256798325,3.0477660141920038,1.300650868456729,2.9375444027690962,2.634700688560507,3.398270896507419,1.5411916384957756,3.389409918949202
proper,2.4433125671584235,2.65285835023584,1.9074304111626221,2.6314050563641347,2.9184628497254246,3.015886660239379,1.2860459257063892,2.9117162929660236,2.6028390001100505,3.3617224737504006,1.5217427499257536,3.3531779280886536
proper,2.421923710446909,2.6766460370766407,1.8971581847262262,2.6619420066529815,2.908258930021879,3.0067429531877394,1.2745158890053152,2.9165972111792198,2.5951196815761843,3.3441834311630467,1.5158975713962661,3.3489344648644876
proper,2.4083010437860586,2.7033342366364295,1.89636922408295,2.669568444964732,2.89298326841265,2.9938339534656713,1.259316983440473,2.912463271944172,2.5742825420601183,3.321229306481502,1.5016040809383326,3.3248166439215523
proper,2.4014330028887447,2.7513237598996163,1.9040709811920882,2.730690572873656,2.878271740064399,2.998262085041464,1.2279772380382281,2.9171706730003484,2.5758039139428073,3.324991645342381,1.509061464846567,3.3236279468290286
proper,2.340759300922913,2.740604885664458,1.853418606817035,2.712768079259189,2.818597622080346,2.948065594278313,1.1844533608917909,2.8695136031047372,2.522512387135835,3.26969682303244,1.4826110115163866,3.2566549822514297
proper,2.289562902415508,2.724043758957473,1.8015135405898426,2.688899077788658,2.7833241457385625,2.927322343591585,1.163386083259367,2.8558080659467384,2.5030760286116873,3.2464159812620133,1.4590866940719163,3.2366676148871965
proper,2.304046541169051,2.715498709260095,1.7829918043630533,2.6820755652679575,2.7721326035682874,2.949237315681535,1.1675731793982,2.8816720854742726,2.5054510551006213,3.263132784581802,1.4613954152817676,3.2547936980332004
proper,2.3167687417586964,2.6927337662998267,1.782018112148754,2.661762915207632,2.751671849102883,2.947486259945605,1.167465489125835,2.8833808434782786,2.5038723842613524,3.256674252361801,1.455803053944736,3.2448641228810264
proper,2.317164867735134,2.688384814330177,1.777906274936293,2.6494748061990063,2.7323065695929496,2.9518655701792973,1.1640377050189679,2.8834794163034743,2.5031314432596297,3.250213851692138,1.4526278389951353,3.246367005168653
proper,2.373099387938903,2.718587075021974,1.8233397034318468,2.6901818978780527,2.7903545438733413,3.0230376785625257,1.1822346929753436,2.9524967265834956,2.564617867128003,3.3309644277300943,1.4840669011085323,3.3192293293671837
proper,2.3987494935169553,2.6752121994899545,1.847171814209927,2.657272187324564,2.8113564724863847,3.044172234109183,1.2043518167317322,2.9602905210405637,2.587918310789553,3.3561619807269163,1.4967746289122648,3.3329862996704502
proper,2.405814536797939,2.6355670045660426,1.8520734717435223,2.6183725624354617,2.8141276926376904,3.0464380431091467,1.2067417832008807,2.9635592052992172,2.5965916870294845,3.3625055173262908,1.482343958453202,3.3458265518083126
proper,2.4177574218488087,2.594046056136619,1.8636463519643025,2.5742042650603185,2.821829261214512,3.0311716601917973,1.217568914070336,2.949068221258639,2.6062367895063874,3.3696319054632515,1.490970178850495,3.357681539688614
proper,2.4197879945094356,2.5416460476799383,1.865436139557408,2.523504924701811,2.8194090302433783,3.0151151866696226,1.2213641802301725,2.9259513482297903,2.60082485911975,3.3636123169098577,1.4906356692479281,3.3446866502665067
proper,2.4609930971789686,2.5236432423908175,1.8971967885813743,2.5143372666039268,2.8706401451890984,3.0324724076532474,1.2594627175308568,2.955628246464079,2.647722832250456,3.416726474481227,1.5177569070716799,3.3964585500118134
proper,2.4468970874912017,2.4466637715578856,1.886284187419607,2.4367409668922533,2.848329478355165,2.968261394400012,1.2793973931208258,2.901907017738501,2.6251429342241863,3.3848899452678136,1.5122575947583894,3.355036925048157
proper,2.4196756646422464,2.3560643406453914,1.8598887919857154,2.3432389336581565,2.8008350426154265,2.8892803618253637,1.2881761357544061,2.836714081023739,2.5814578353257,3.314749286872507,1.4972230481621318,3.299052383002453
proper,2.335140430070795,2.213855382779534,1.7848685760119656,2.2041094331707525,2.685040899615669,2.762170663621449,1.2732442381866043,2.7005653778455914,2.4737874670624684,3.1781728945895,1.4401956994710492,3.1581732104698337
proper,2.314297998690215,2.129320495667135,1.7641725188023698,2.1202687554524178,2.6329423126480274,2.682613029983988,1.2873920453919305,2.6362812264598854,2.4311055719519636,3.1073221477754323,1.420015475721996,3.098433877712882
proper,2.2970007788615336,2.0491115605662866,1.7534995979642816,2.0387298898870094,2.5947777442526427,2.626249803120699,1.3167069498571606,2.5807489701128525,2.4152672883127186,3.0492502842532896,1.4041309360716088,3.0433299101541005
proper,2.303362833018186,1.9976828644263454,1.7557802676590029,1.986057760351146,2.5764545989364063,2.597263331129535,1.3588157956770024,2.5307975674791177,2.4073766998600097,3.0179228117246013,1.398069436507436,3.0168701642161677
proper,2.296269208154603,1.9419327576293721,1.7473332957959917,1.9318126959229498,2.5443339651987253,2.5564605988827376,1.3927041959679685,2.5103015370999584,2.4021638409726376,2.9955273358064445,1.3913562883925714,2.994070949168868
proper,2.3149404445050252,1.921889838931154,1.7604617868051726,1.911576950949479,2.5396571307776363,2.5483345879451167,1.4451944511728252,2.524718223025635,2.417597446208301,3.011885000214264,1.4070885973689575,3.0208312664805943
proper,2.3387046792954305,1.926573318586036,1.7737246076533106,1.9138234931999265,2.5325764808218145,2.5568738751014277,1.4980153549276585,2.545181230629985,2.4321985354868185,3.0284429236477552,1.4286977025493166,3.0396425700076284
proper,2.3378427621048163,1.893206041791204,1.7715197246426537,1.8801648854327706,2.5026754011920898,2.525156159873878,1.5221196099741925,2.5189290490337717,2.422102527773816,3.011569453431386,1.438739953265464,3.032896505082409
proper,2.3215031587353177,1.872047156553104,1.7606971033338883,1.8649050173328054,2.467975365657618,2.495337923614658,1.5358933775423524,2.490103067495697,2.4084498050699956,2.9978827119641887,1.43476318585587,3.023096763717215
proper,2.3116205126551703,1.8559232286560086,1.7535511502684944,1.8523067088674021,2.446321825760135,2.4819882253602144,1.5732560048240953,2.4716126172521675,2.398404912390444,2.9888121014575972,1.434978925701097,3.0127135493066843
proper,2.319413888567084,1.8464683758770208,1.759620672352724,1.8423207038005427,2.425326748475318,2.4783343254184107,1.6105003473186565,2.466875539997293,2.4016187241670903,2.9925487161089626,1.4422694148263575,3.023872527075707
proper,2.332438205081034,1.858905103920753,1.7700262053846196,1.851497831011684,2.4120200279574324,2.49419108070448,1.6076881470576618,2.480447081852091,2.405763342908748,3.0099815860459342,1.444035347233211,3.040659120331127
proper,2.3402402192192167,1.8545047473847256,1.7749644945288374,1.851672575152369,2.412057212928317,2.493235048264937,1.6152318438951367,2.489054100588701,2.41515583294306,3.0131214863893927,1.4464541761032483,3.0478447098483454
proper,2.336680801352419,1.8513136559924515,1.7726908862163504,1.8477057632742688,2.4091489920971907,2.487497778518856,1.6047363024946903,2.485786979531641,2.408280003772524,3.014031068062619,1.4417026177743402,3.0449880512297716
proper,2.3334900076804606,1.8520049116971893,1.7686276813173358,1.8475169509354807,2.4059025970278847,2.4826788159912763,1.5995472788628224,2.478075090661839,2.409920322115479,3.0303209313756123,1.439948689092701,3.0341703347817295
proper,2.333155098883379,1.8542814068735871,1.768614901828275,1.8486024994183985,2.4055208893089124,2.479187648153781,1.5972385492396717,2.47711414305047,2.4054413702726203,3.0374616758010804,1.4432522470601585,3.036485949486579
proper,2.3311215379524524,1.8503863909003326,1.7670092383613143,1.8458678567507412,2.402871832070512,2.4812288915525196,1.603916786803066,2.4764015458628776,2.402629078945162,3.040254462238252,1.4476273125783041,3.037203533567703
proper,2.3359455089904952,1.8476598130561024,1.774666457326009,1.8409360062198694,2.4067240656353373,2.4861588444969893,1.611683437098304,2.479324765841575,2.4047565112264264,3.0409874570950155,1.4555959888255985,3.0389674253214207
proper,2.3294812638917626,1.845828602999019,1.7696798807666645,1.8375626992115075,2.400824077986825,2.4916920754246648,1.6130447618510704,2.4732965548408212,2.3985861930070356,3.047967758024789,1.4572836330414187,3.03463543203517
proper,2.3280468144334123,1.8452837348463975,1.7689000458382227,1.8375966576932545,2.3963614346715554,2.4910004051042898,1.6138690650097558,2.4766704764487573,2.3975238875919707,3.0465192328047177,1.4608162591698666,3.036280705159521
proper,2.322180093086084,1.84127040073381,1.7641496630170213,1.8341454712666896,2.3880149701140008,2.4920248019726716,1.6080376708903974,2.485622768067683,2.3929769601960635,3.036548729062384,1.456688007597399,3.0285473361414152
proper,2.3222774412170053,1.8435214547055236,1.7640009023258179,1.836282312701106,2.3887901836572762,2.496598509641287,1.6068912316903958,2.4900501180029595,2.393715674036082,3.03853763560522,1.4571615200336734,3.028394445256894
proper,2.322379495060867,1.8448018953417018,1.7637100650844078,1.8369125840222953,2.3881212272094463,2.500497187324969,1.6047436720250006,2.4980274238985514,2.3941978153959007,3.041152609325487,1.4569085714671042,3.031934504130562
proper,2.324632216102181,1.8483224785010983,1.765673883886428,1.8395548688829941,2.3884375077130877,2.507307838428983,1.603761505087948,2.500347637348755,2.394897694347897,3.044312777790468,1.4579169468106845,3.031823221564857
proper,2.3244022198363714,1.8479793897810468,1.7659848876120308,1.8397853404409032,2.3878530989372786,2.507780831384913,1.60367842875254,2.5017295511704605,2.394737493119729,3.046941624809081,1.4578323483920774,3.0339402205929096
proper,2.324917830404155,1.8546731262724852,1.7657137931354423,1.8439552949831217,2.3886015520765964,2.5184372301910494,1.6035200078010994,2.506219973867489,2.3958729128526746,3.049173227901806,1.4575301055620884,3.0396856056523056
proper,2.323851835753383,1.8610463825524348,1.764338779526489,1.8472098520849434,2.3867107895525828,2.520674841410028,1.6017984125465579,2.507545770048561,2.3943222084418574,3.0463940572446035,1.4567445916199502,3.0409191487690723
